backbone,task,lam,avg_bit,seq,metric,value,uni2,uni3,uni4,ceil_bits,bit_saved,interp_lin,interp_log,vs_ceil_%,vs_interp_%,vs_interp_log_%,trivial
hubert,er,0.001,3.8333,434444444344,ER_ERR,0.387591,0.6526994359387591,0.4254633360193392,0.38678485092667203,4,0.167,0.393231,0.392978,-0.21,1.43,1.37,0
hubert,er,0.01,3.9167,444444444344,ER_ERR,0.39162,0.6526994359387591,0.4254633360193392,0.38678485092667203,4,0.083,0.390008,0.389869,-1.25,-0.41,-0.45,0
hubert,er,0.02,3.9167,444444444344,ER_ERR,0.39162,0.6526994359387591,0.4254633360193392,0.38678485092667203,4,0.083,0.390008,0.389869,-1.25,-0.41,-0.45,0
hubert,er,0.05,3.75,444444444432,ER_ERR,0.409347,0.6526994359387591,0.4254633360193392,0.38678485092667203,4,0.25,0.396454,0.396112,-5.83,-3.25,-3.34,0
hubert,er,0.1,3.75,444444444432,ER_ERR,0.409347,0.6526994359387591,0.4254633360193392,0.38678485092667203,4,0.25,0.396454,0.396112,-5.83,-3.25,-3.34,0
hubert,er,0.2,3.3333,434433343432,ER_ERR,0.4166,0.6526994359387591,0.4254633360193392,0.38678485092667203,4,0.667,0.412571,0.412159,-7.71,-0.98,-1.08,0
hubert,er,0.3,3.0833,333334343332,ER_ERR,0.414988,0.6526994359387591,0.4254633360193392,0.38678485092667203,4,0.917,0.42224,0.422097,-7.29,1.72,1.68,0
hubert,er,0.5,2.8333,333333332332,ER_ERR,0.441579,0.6526994359387591,0.4254633360193392,0.38678485092667203,3,0.167,0.463336,0.456917,-3.79,4.7,3.36,0
hubert,er,1.0,2.75,333333332322,ER_ERR,0.463336,0.6526994359387591,0.4254633360193392,0.38678485092667203,3,0.25,0.482272,0.473505,-8.9,3.93,2.15,0
hubert,er,5.0,2.1667,223232222222,ER_ERR,0.639001,0.6526994359387591,0.4254633360193392,0.38678485092667203,3,0.833,0.614827,0.607768,-50.19,-3.93,-5.14,0
hubertL,er,0.001,3.8333,334344434444444444444444,ER_ERR,0.365028,0.6994359387590653,0.40209508460918614,0.37872683319903305,4,0.167,0.382622,0.382525,3.62,4.6,4.57,0
hubertL,er,0.01,3.7917,334344434444444444444443,ER_ERR,0.365834,0.6994359387590653,0.40209508460918614,0.37872683319903305,4,0.208,0.383595,0.383481,3.4,4.63,4.6,0
hubertL,er,0.02,3.8333,344344434444444444444443,ER_ERR,0.369863,0.6994359387590653,0.40209508460918614,0.37872683319903305,4,0.167,0.382622,0.382525,2.34,3.33,3.31,0
hubertL,er,0.05,3.75,334344434444444444444442,ER_ERR,0.36664,0.6994359387590653,0.40209508460918614,0.37872683319903305,4,0.25,0.384569,0.384438,3.19,4.66,4.63,0
hubertL,er,0.1,3.75,334344434444444444444442,ER_ERR,0.36664,0.6994359387590653,0.40209508460918614,0.37872683319903305,4,0.25,0.384569,0.384438,3.19,4.66,4.63,0
hubertL,er,0.2,3.7083,334343434444444444444442,ER_ERR,0.369057,0.6994359387590653,0.40209508460918614,0.37872683319903305,4,0.292,0.385543,0.385399,2.55,4.28,4.24,0
hubertL,er,0.3,3.5417,333343334434444443444442,ER_ERR,0.368251,0.6994359387590653,0.40209508460918614,0.37872683319903305,4,0.458,0.389437,0.389264,2.77,5.44,5.4,0
hubertL,er,0.5,3.25,333333433432344443333442,ER_ERR,0.373086,0.6994359387590653,0.40209508460918614,0.37872683319903305,4,0.75,0.396253,0.396121,1.49,5.85,5.82,0
hubertL,er,1.0,2.875,333322433332323433323342,ER_ERR,0.398066,0.6994359387590653,0.40209508460918614,0.37872683319903305,3,0.125,0.439263,0.430905,1.0,9.38,7.62,0
hubertL,er,5.0,2.2083,332222222222232222222332,ER_ERR,0.498791,0.6994359387590653,0.40209508460918614,0.37872683319903305,3,0.792,0.63749,0.623248,-24.05,21.76,19.97,0
w2v2,er,0.001,3.75,444444434334,ER_ERR,0.413376,0.6301369863013698,0.49476228847703463,0.41982272360999195,4,0.25,0.438558,0.43742,1.54,5.74,5.5,0
w2v2,er,0.01,3.75,444444434334,ER_ERR,0.413376,0.6301369863013698,0.49476228847703463,0.41982272360999195,4,0.25,0.438558,0.43742,1.54,5.74,5.5,0
w2v2,er,0.02,3.75,444444434334,ER_ERR,0.413376,0.6301369863013698,0.49476228847703463,0.41982272360999195,4,0.25,0.438558,0.43742,1.54,5.74,5.5,0
w2v2,er,0.05,3.5833,444444333334,ER_ERR,0.405318,0.6301369863013698,0.49476228847703463,0.41982272360999195,4,0.417,0.451048,0.449559,3.45,10.14,9.84,0
w2v2,er,0.1,3.5833,444444333334,ER_ERR,0.405318,0.6301369863013698,0.49476228847703463,0.41982272360999195,4,0.417,0.451048,0.449559,3.45,10.14,9.84,0
w2v2,er,0.2,3.4167,444444333332,ER_ERR,0.429492,0.6301369863013698,0.49476228847703463,0.41982272360999195,4,0.583,0.463537,0.462036,-2.3,7.34,7.04,0
w2v2,er,0.3,3.0,344434332222,ER_ERR,0.448026,0.6301369863013698,0.49476228847703463,0.41982272360999195,3,0.0,0.494762,0.494762,9.45,9.45,9.45,0
w2v2,er,0.5,2.5833,334233322222,ER_ERR,0.47784,0.6301369863013698,0.49476228847703463,0.41982272360999195,3,0.417,0.551168,0.547221,3.42,13.3,12.68,0
w2v2,er,1.0,2.5,333233322222,ER_ERR,0.479452,0.6301369863013698,0.49476228847703463,0.41982272360999195,3,0.5,0.56245,0.558362,3.09,14.76,14.13,0
w2v2,er,5.0,2.1667,323222222222,ER_ERR,0.589847,0.6301369863013698,0.49476228847703463,0.41982272360999195,3,0.833,0.607575,0.605241,-19.22,2.92,2.54,0
wavlm,er,0.001,3.75,444444434442,ER_ERR,0.370669,0.6865431103948428,0.38678485092667203,0.36180499597099114,4,0.25,0.36805,0.367894,-2.45,-0.71,-0.75,0
wavlm,er,0.01,3.6667,444344434442,ER_ERR,0.362611,0.6865431103948428,0.38678485092667203,0.36180499597099114,4,0.333,0.370132,0.369947,-0.22,2.03,1.98,0
wavlm,er,0.02,3.6667,444344434442,ER_ERR,0.362611,0.6865431103948428,0.38678485092667203,0.36180499597099114,4,0.333,0.370132,0.369947,-0.22,2.03,1.98,0
wavlm,er,0.05,3.6667,444344434442,ER_ERR,0.362611,0.6865431103948428,0.38678485092667203,0.36180499597099114,4,0.333,0.370132,0.369947,-0.22,2.03,1.98,0
wavlm,er,0.1,3.6667,444344434442,ER_ERR,0.362611,0.6865431103948428,0.38678485092667203,0.36180499597099114,4,0.333,0.370132,0.369947,-0.22,2.03,1.98,0
wavlm,er,0.2,3.5833,444444334342,ER_ERR,0.369057,0.6865431103948428,0.38678485092667203,0.36180499597099114,4,0.417,0.372213,0.372011,-2.0,0.85,0.79,0
wavlm,er,0.3,3.5833,444444334342,ER_ERR,0.369057,0.6865431103948428,0.38678485092667203,0.36180499597099114,4,0.417,0.372213,0.372011,-2.0,0.85,0.79,0
wavlm,er,0.5,3.25,434444332332,ER_ERR,0.393231,0.6865431103948428,0.38678485092667203,0.36180499597099114,4,0.75,0.38054,0.380383,-8.69,-3.34,-3.38,0
wavlm,er,1.0,2.8333,433333332322,ER_ERR,0.412571,0.6865431103948428,0.38678485092667203,0.36180499597099114,3,0.167,0.436745,0.425601,-6.67,5.54,3.06,0
wavlm,er,5.0,2.1667,222322322222,ER_ERR,0.707494,0.6865431103948428,0.38678485092667203,0.36180499597099114,3,0.833,0.636583,0.623928,-82.92,-11.14,-13.39,0
wavlmL,er,0.001,3.8333,444444444444444444434342,ER_ERR,0.336825,0.6067687348912167,0.3553585817888799,0.34971796937953264,4,0.167,0.350658,0.350652,3.69,3.94,3.94,0
wavlmL,er,0.01,3.7917,444444444434444444434342,ER_ERR,0.34166,0.6067687348912167,0.3553585817888799,0.34971796937953264,4,0.208,0.350893,0.350886,2.3,2.63,2.63,0
wavlmL,er,0.02,3.8333,444444444444444444434342,ER_ERR,0.336825,0.6067687348912167,0.3553585817888799,0.34971796937953264,4,0.167,0.350658,0.350652,3.69,3.94,3.94,0
wavlmL,er,0.05,3.7083,444444344433444434434442,ER_ERR,0.349718,0.6067687348912167,0.3553585817888799,0.34971796937953264,4,0.292,0.351363,0.351354,0.0,0.47,0.47,0
wavlmL,er,0.1,3.6667,443444344433444334444442,ER_ERR,0.346495,0.6067687348912167,0.3553585817888799,0.34971796937953264,4,0.333,0.351598,0.351588,0.92,1.45,1.45,0
wavlmL,er,0.2,3.5,343344344433424434444342,ER_ERR,0.34166,0.6067687348912167,0.3553585817888799,0.34971796937953264,4,0.5,0.352538,0.352527,2.3,3.09,3.08,0
wavlmL,er,0.3,2.9583,343333334333422232333432,ER_ERR,0.346495,0.6067687348912167,0.3553585817888799,0.34971796937953264,3,0.042,0.365834,0.363369,2.49,5.29,4.64,0
wavlmL,er,0.5,2.75,332333334323322232333332,ER_ERR,0.356164,0.6067687348912167,0.3553585817888799,0.34971796937953264,3,0.25,0.418211,0.406215,-0.23,14.84,12.32,0
wavlmL,er,1.0,2.5417,232233333322322222333332,ER_ERR,0.340048,0.6067687348912167,0.3553585817888799,0.34971796937953264,3,0.458,0.470588,0.454113,4.31,27.74,25.12,0
wavlmL,er,5.0,2.125,232222222222222222322322,ER_ERR,0.506849,0.6067687348912167,0.3553585817888799,0.34971796937953264,3,0.875,0.575342,0.567517,-42.63,11.9,10.69,0
